Age,Tenure in Months,Avg Monthly GB Download,Churn Score,CLTV,Number of Referrals,Satisfaction Score,Monthly Charge,Total Charges,Total Revenue,Payment Method,Contract,Internet Type,Churn Category,Churn Reason,Offer
46,3,15,84,2613,1,1,29.7,91.7,91.7,Credit Card,Month-to-Month,Cable,Attitude,Attitude of support person,Offer E
29,31,52,68,4403,0,1,65.25,1994.3,3079.64,Credit Card,Month-to-Month,Cable,Competitor,Competitor offered higher download speeds,Offer C
34,5,22,74,5435,0,1,53.85,259.8,368.44,Credit Card,Month-to-Month,Cable,Competitor,Competitor offered higher download speeds,Offer E
46,3,3,76,2734,0,1,29.6,79.45,79.45,Bank Withdrawal,Month-to-Month,Cable,Competitor,Competitor had better devices,Offer E
44,2,20,90,5344,0,1,62.05,118.3,192.88,Bank Withdrawal,Month-to-Month,Cable,Competitor,Competitor made better offer,
27,39,48,80,3080,0,1,48.95,1880.85,1880.85,Credit Card,Month-to-Month,Cable,Price,Price too high,
34,21,14,74,5353,1,2,77.5,1625,2055.58,Mailed Check,One Year,Cable,Other,Don't know,Offer D
73,38,30,82,2645,0,3,70.15,2497.35,2715.85,Credit Card,One Year,Cable,Price,Lack of affordable download/upload speed,Offer C
31,58,21,88,4026,1,2,60.3,3563.8,4562.56,Credit Card,One Year,Cable,Dissatisfaction,Network reliability,Offer B
69,1,2,95,3357,0,1,50.55,50.55,73.11,Credit Card,Month-to-Month,Cable,Dissatisfaction,Product dissatisfaction,
54,40,4,70,2576,1,1,101.3,4113.1,5015.5,Bank Withdrawal,Month-to-Month,Cable,Competitor,Competitor had better devices,Offer B
27,2,52,90,5115,0,1,49.4,106.55,156.21,Bank Withdrawal,Month-to-Month,Cable,Competitor,Competitor made better offer,
30,5,59,67,5824,0,2,43.25,219,219,Mailed Check,Month-to-Month,Cable,Dissatisfaction,Network reliability,
73,2,24,87,4522,0,1,66.4,94.55,105.69,Bank Withdrawal,Month-to-Month,Cable,Price,Long distance charges,
72,40,6,90,4272,0,1,55.8,2109.35,2189.35,Bank Withdrawal,Month-to-Month,Cable,Attitude,Attitude of support person,
74,15,22,83,4981,1,1,85.6,1345.55,2024.3,Bank Withdrawal,Month-to-Month,Cable,Competitor,Competitor had better devices,
48,8,25,75,2269,0,3,49.85,365.55,664.86,Bank Withdrawal,Month-to-Month,Cable,Competitor,Competitor offered higher download speeds,
25,36,85,71,5220,0,1,65.4,2498.4,3452.76,Credit Card,One Year,Cable,Other,Don't know,
63,1,9,67,5613,0,2,76.35,76.35,83.61,Bank Withdrawal,Month-to-Month,Cable,Attitude,Attitude of support person,
58,1,12,94,5930,0,2,45.85,45.85,90.6,Credit Card,Month-to-Month,Cable,Attitude,Attitude of support person,Offer E
41,2,16,91,4884,3,2,44.6,80.55,140.93,Credit Card,Month-to-Month,Cable,Price,Lack of affordable download/upload speed,Offer E
74,1,5,67,5688,0,1,25.2,25.2,25.2,Bank Withdrawal,Month-to-Month,Cable,Competitor,Competitor made better offer,
28,10,69,67,4097,0,1,45.55,402.6,747,Bank Withdrawal,Month-to-Month,Cable,Attitude,Attitude of support person,Offer D
21,10,69,78,5925,6,1,55.2,528.35,622.45,Credit Card,Month-to-Month,Cable,Competitor,Competitor made better offer,
38,44,4,91,3051,0,2,53.95,2375.4,2375.4,Credit Card,One Year,Cable,Competitor,Competitor offered more data,Offer B
44,4,20,66,5605,0,2,44.55,174.3,184.3,Bank Withdrawal,Month-to-Month,Cable,Attitude,Attitude of service provider,Offer E
51,1,4,71,2041,0,2,49.95,49.95,93.44,Bank Withdrawal,Month-to-Month,Cable,Competitor,Competitor had better devices,
72,2,20,91,4618,0,1,44.7,93.7,176.56,Bank Withdrawal,Month-to-Month,Cable,Competitor,Competitor offered more data,Offer E
57,17,12,66,4103,1,1,94.4,1607.2,2045.63,Bank Withdrawal,Month-to-Month,Cable,Other,Moved,Offer D
46,38,14,83,3818,0,3,62.3,2354.8,4110.78,Credit Card,One Year,Cable,Dissatisfaction,Poor expertise of phone support,
27,1,59,90,4599,0,2,44.35,44.35,84.77,Bank Withdrawal,Month-to-Month,Cable,Attitude,Attitude of support person,
28,4,59,90,5730,0,1,60.4,272.15,344.27,Credit Card,Month-to-Month,Cable,Competitor,Competitor had better devices,
19,25,82,93,5024,1,1,34,853,853,Bank Withdrawal,Month-to-Month,Cable,Competitor,Competitor had better devices,Offer C
48,23,13,89,5897,0,3,74.95,1710.45,2372.85,Bank Withdrawal,Month-to-Month,Cable,Competitor,Competitor made better offer,
68,56,29,85,4803,1,1,100.65,5688.05,7711.41,Bank Withdrawal,Month-to-Month,Cable,Attitude,Attitude of support person,
62,1,22,79,4629,0,1,55.7,55.7,103.92,Credit Card,Month-to-Month,Cable,Dissatisfaction,Product dissatisfaction,
44,1,2,65,2121,0,3,24.45,24.45,24.45,Mailed Check,Month-to-Month,Cable,Price,Extra data charges,
65,35,22,81,4745,1,1,100.5,3653.35,4212.65,Bank Withdrawal,Month-to-Month,Cable,Attitude,Attitude of support person,
74,10,4,84,4990,2,1,86.65,856.65,1321.65,Bank Withdrawal,Month-to-Month,Cable,Dissatisfaction,Limited range of services,
36,4,22,90,5386,1,1,50.85,239.55,291.07,Credit Card,Month-to-Month,Cable,Dissatisfaction,Product dissatisfaction,
26,2,26,78,3599,0,1,49.6,114.7,157.26,Credit Card,Month-to-Month,Cable,Dissatisfaction,Network reliability,Offer E
73,1,9,76,4989,1,1,49.55,49.55,73.79,Bank Withdrawal,Month-to-Month,Cable,Dissatisfaction,Limited range of services,Offer E
59,30,4,73,2313,0,2,85.35,2530.4,3840.7,Bank Withdrawal,One Year,Cable,Competitor,Competitor made better offer,
37,1,9,68,2928,0,3,50.45,50.45,78.7,Bank Withdrawal,Month-to-Month,Cable,Competitor,Competitor made better offer,
20,9,69,76,3983,1,1,65,663.05,720.2,Mailed Check,Month-to-Month,Cable,Competitor,Competitor offered more data,Offer E
22,1,52,65,3913,0,1,48.95,48.95,83.35,Bank Withdrawal,Month-to-Month,Cable,Competitor,Competitor offered higher download speeds,
23,2,51,70,5482,1,3,44.6,97.1,97.1,Bank Withdrawal,Month-to-Month,Cable,Competitor,Competitor made better offer,
29,45,51,90,5269,0,1,87.25,3941.7,4143.3,Bank Withdrawal,Month-to-Month,Cable,Competitor,Competitor made better offer,
43,54,16,84,5282,0,1,55,3092.65,3454.45,Credit Card,Month-to-Month,Cable,Other,Don't know,
48,1,3,88,2046,1,1,80,80,115.71,Bank Withdrawal,Month-to-Month,Cable,Competitor,Competitor had better devices,Offer E
42,41,56,84,4734,1,1,79.9,3326.2,5181.86,Credit Card,Month-to-Month,Cable,Price,Price too high,
31,8,26,86,5372,0,3,99.65,820.5,917.7,Bank Withdrawal,Month-to-Month,Cable,Other,Moved,
79,1,26,96,5303,0,3,36.45,36.45,36.45,Bank Withdrawal,Month-to-Month,Cable,Dissatisfaction,Service dissatisfaction,
42,12,10,90,3043,0,1,56.65,654.85,750.49,Credit Card,Month-to-Month,Cable,Price,Extra data charges,
75,1,18,75,4371,0,2,69.25,69.25,98.93,Bank Withdrawal,Month-to-Month,Cable,Attitude,Attitude of support person,Offer E
50,1,28,71,4017,0,2,59.85,59.85,81.9,Bank Withdrawal,Month-to-Month,Cable,Attitude,Attitude of support person,
58,1,12,86,2937,0,2,62.05,62.05,119.88,Mailed Check,Month-to-Month,DSL,Other,Moved,Offer E
45,29,19,79,5449,0,1,68.85,1970.5,2000.08,Bank Withdrawal,Month-to-Month,DSL,Competitor,Competitor made better offer,
30,13,53,82,2967,0,3,23.9,300.8,300.8,Bank Withdrawal,Month-to-Month,DSL,Dissatisfaction,Limited range of services,
31,48,22,90,5995,1,2,34.7,1604.5,1604.5,Mailed Check,One Year,DSL,Dissatisfaction,Product dissatisfaction,
62,2,53,77,5560,1,1,56.7,113.55,124.89,Credit Card,Month-to-Month,DSL,Competitor,Competitor offered higher download speeds,
44,4,21,83,2131,4,2,61.45,229.55,338.51,Credit Card,Month-to-Month,DSL,Price,Price too high,
42,10,30,84,2529,0,1,33.9,298.45,298.45,Credit Card,Month-to-Month,DSL,Attitude,Attitude of support person,
67,3,20,89,3766,1,1,36.45,93.7,93.7,Credit Card,Month-to-Month,DSL,Competitor,Competitor had better devices,Offer E
55,38,19,81,2071,1,1,80.3,3058.65,4659.97,Credit Card,One Year,DSL,Other,Don't know,Offer C
19,3,51,88,4903,1,2,44.3,134.5,267.88,Credit Card,Month-to-Month,DSL,Price,Extra data charges,Offer E
36,1,5,87,3420,0,1,50.55,50.55,81.51,Bank Withdrawal,Month-to-Month,DSL,Dissatisfaction,Product dissatisfaction,
78,2,25,86,5655,0,2,44.15,92.65,179.97,Bank Withdrawal,Month-to-Month,DSL,Attitude,Attitude of support person,
63,2,9,81,3478,0,1,45.35,89.5,140.48,Bank Withdrawal,Month-to-Month,DSL,Competitor,Competitor had better devices,
54,1,27,95,4534,0,1,29.95,29.95,29.95,Bank Withdrawal,Month-to-Month,DSL,Competitor,Competitor had better devices,Offer E
49,10,11,91,2457,0,2,72.15,794.25,1211.75,Credit Card,Month-to-Month,DSL,Dissatisfaction,Limited range of services,
30,1,52,87,4212,0,3,54.35,54.35,79.74,Bank Withdrawal,Month-to-Month,DSL,Attitude,Attitude of service provider,Offer E
56,65,30,89,5207,1,1,74.8,4820.15,7450.7,Bank Withdrawal,Two Year,DSL,Dissatisfaction,Product dissatisfaction,Offer B
60,23,12,83,4580,1,2,48.35,1067.15,1200.55,Credit Card,One Year,DSL,Other,Don't know,
41,1,23,71,4138,0,1,52.2,52.2,86.24,Bank Withdrawal,Month-to-Month,DSL,Competitor,Competitor made better offer,
40,49,30,78,6006,0,1,59.75,2934.3,4691.93,Credit Card,Month-to-Month,DSL,Other,Don't know,Offer B
40,8,16,78,5578,0,2,25.5,215.2,215.2,Mailed Check,Month-to-Month,DSL,Attitude,Attitude of support person,
46,2,11,91,4655,0,1,44.65,74.9,134.7,Mailed Check,Month-to-Month,DSL,Competitor,Competitor made better offer,
19,1,58,89,2833,0,1,54.9,54.9,99.26,Bank Withdrawal,Month-to-Month,DSL,Dissatisfaction,Network reliability,
80,64,24,89,6080,0,1,70.2,4481,6344.68,Credit Card,Two Year,DSL,Price,Lack of affordable download/upload speed,Offer B
47,5,18,73,4336,0,1,49.2,216.9,253.45,Bank Withdrawal,Month-to-Month,DSL,Competitor,Competitor offered more data,Offer E
50,39,13,67,5632,3,1,55.9,2184.35,2184.35,Bank Withdrawal,Month-to-Month,DSL,Dissatisfaction,Lack of self-service on Website,
39,1,21,73,3017,0,1,46.3,46.3,94.52,Credit Card,Month-to-Month,DSL,Price,Extra data charges,
64,43,12,92,4044,0,1,49.05,2076.2,2055.91,Bank Withdrawal,Month-to-Month,DSL,Competitor,Competitor offered more data,Offer B
73,2,13,90,4002,0,1,30.4,78.65,78.65,Bank Withdrawal,Month-to-Month,DSL,Attitude,Attitude of support person,
53,2,18,91,2860,0,2,30.9,59.05,59.05,Bank Withdrawal,Month-to-Month,DSL,Dissatisfaction,Network reliability,
53,1,9,88,2548,0,2,35.25,35.25,35.25,Bank Withdrawal,Month-to-Month,DSL,Price,Lack of affordable download/upload speed,
22,22,76,94,5922,1,2,69.5,1498.2,2219.51,Bank Withdrawal,One Year,DSL,Competitor,Competitor offered more data,
61,64,27,66,6347,5,1,47.85,3147.5,3147.5,Bank Withdrawal,Two Year,DSL,Competitor,Competitor made better offer,
48,22,21,87,5102,1,2,54.2,1152.7,1751.98,Bank Withdrawal,Month-to-Month,DSL,Attitude,Attitude of service provider,Offer D
34,10,17,83,4061,0,2,44.85,435.4,931.2,Credit Card,Month-to-Month,DSL,Competitor,Competitor made better offer,
30,1,59,76,2632,0,2,44.9,44.9,86.68,Bank Withdrawal,Month-to-Month,DSL,Dissatisfaction,Lack of self-service on Website,Offer E
66,2,6,77,5573,0,3,24.45,47.5,47.5,Credit Card,Month-to-Month,DSL,Competitor,Competitor offered more data,
41,1,18,78,5973,0,1,45.8,45.8,77.91,Bank Withdrawal,Month-to-Month,DSL,Competitor,Competitor made better offer,Offer E
53,29,7,77,3615,0,2,30.6,856.35,856.35,Bank Withdrawal,Month-to-Month,DSL,Dissatisfaction,Product dissatisfaction,
23,57,59,66,4917,0,1,39.3,2111.45,2191.45,Bank Withdrawal,Month-to-Month,DSL,Dissatisfaction,Lack of self-service on Website,Offer B
57,49,5,67,5375,2,2,51.8,2541.25,2591.25,Bank Withdrawal,One Year,DSL,Other,Moved,
56,1,57,96,3001,0,1,24.75,24.75,24.75,Bank Withdrawal,Month-to-Month,DSL,Competitor,Competitor had better devices,
28,35,82,83,5898,1,1,72.25,2568.55,3453,Bank Withdrawal,Month-to-Month,DSL,Other,Don't know,
64,9,26,91,4800,2,1,40.65,328.95,328.95,Mailed Check,Month-to-Month,DSL,Competitor,Competitor had better devices,Offer E
22,22,59,90,5866,0,3,55.15,1193.05,1930.71,Credit Card,One Year,DSL,Competitor,Competitor made better offer,
67,38,27,75,3110,0,1,57.15,2250.65,3242.45,Credit Card,Month-to-Month,DSL,Attitude,Attitude of support person,
23,3,82,65,2755,0,2,53.4,188.7,331.74,Credit Card,Month-to-Month,DSL,Other,Don't know,
19,2,76,65,3146,0,1,34.7,62.25,62.25,Bank Withdrawal,Month-to-Month,DSL,Competitor,Competitor made better offer,Offer E
25,15,48,68,5129,0,1,59.45,892.65,1437.75,Bank Withdrawal,Month-to-Month,DSL,Dissatisfaction,Network reliability,Offer D
58,1,30,76,3204,0,2,44.4,44.4,70.93,Credit Card,Month-to-Month,DSL,Attitude,Attitude of support person,Offer E
50,17,21,76,5472,0,2,55.85,937.5,1350.77,Mailed Check,One Year,DSL,Price,Price too high,
21,2,51,96,4265,1,1,65.7,134.35,188.89,Credit Card,Month-to-Month,DSL,Competitor,Competitor had better devices,
73,2,6,96,3016,0,1,54.85,104.2,155.68,Credit Card,Month-to-Month,DSL,Price,Extra data charges,
32,22,30,91,2270,0,1,48.8,1054.6,1161.5,Credit Card,Month-to-Month,DSL,Competitor,Competitor made better offer,
51,51,2,95,5633,1,1,59.3,3014.65,3014.65,Bank Withdrawal,One Year,DSL,Other,Don't know,
20,40,76,65,2810,0,1,55.25,2139.2,2462.4,Mailed Check,Month-to-Month,DSL,Competitor,Competitor made better offer,
53,34,4,75,5189,0,2,64.4,2088.75,3258.69,Mailed Check,One Year,DSL,Attitude,Attitude of support person,Offer C
47,1,21,76,4167,0,2,46.2,46.2,94.78,Credit Card,Month-to-Month,DSL,Attitude,Attitude of support person,Offer E
79,45,17,92,2654,0,1,62.7,2791.5,3271.65,Credit Card,One Year,DSL,Dissatisfaction,Limited range of services,
31,37,10,82,4429,0,2,28.6,973.55,973.55,Credit Card,Month-to-Month,DSL,Other,Don't know,
30,55,42,69,6041,1,1,54.55,2978.3,3028.3,Bank Withdrawal,Month-to-Month,DSL,Attitude,Attitude of service provider,
31,1,30,70,5955,0,3,44.1,44.1,48.51,Bank Withdrawal,Month-to-Month,DSL,Competitor,Competitor made better offer,Offer E
42,2,13,91,2960,0,1,49.05,91.1,160.5,Credit Card,Month-to-Month,DSL,Competitor,Competitor had better devices,Offer E
56,15,29,82,5518,0,1,29.7,438.25,528.25,Bank Withdrawal,Month-to-Month,DSL,Competitor,Competitor offered more data,
71,1,19,84,4478,3,3,49.25,49.25,57.63,Credit Card,Month-to-Month,DSL,Dissatisfaction,Service dissatisfaction,
43,11,8,92,4444,0,1,48.55,501,840.11,Credit Card,Month-to-Month,DSL,Competitor,Competitor made better offer,
21,1,73,74,3700,1,3,44.7,44.7,76.78,Credit Card,Month-to-Month,DSL,Other,Don't know,
39,5,22,77,2673,0,2,70,347.4,583.65,Credit Card,One Year,DSL,Competitor,Competitor had better devices,
21,2,51,90,5775,0,3,49.25,90.35,90.35,Bank Withdrawal,Month-to-Month,DSL,Dissatisfaction,Limited range of services,Offer E
69,1,21,65,4842,0,1,25.05,25.05,25.05,Credit Card,Month-to-Month,DSL,Competitor,Competitor had better devices,Offer E
34,1,18,69,4954,0,1,45.3,45.3,45.3,Mailed Check,Month-to-Month,DSL,Competitor,Competitor had better devices,
57,30,12,79,4568,1,3,51.2,1561.5,1561.5,Credit Card,Month-to-Month,DSL,Dissatisfaction,Network reliability,
50,1,11,83,5111,0,1,50.9,50.9,57.85,Credit Card,Month-to-Month,DSL,Attitude,Attitude of support person,Offer E
27,22,51,91,3410,1,1,79.2,1742.75,2031.17,Bank Withdrawal,Month-to-Month,DSL,Dissatisfaction,Product dissatisfaction,
31,18,3,75,4028,0,1,49.4,874.8,1250.28,Bank Withdrawal,Month-to-Month,DSL,Other,Deceased,
44,20,10,94,3298,1,3,24.45,482.8,482.8,Bank Withdrawal,Month-to-Month,DSL,Other,Don't know,
26,3,59,90,2450,0,3,45.35,141.5,250.94,Bank Withdrawal,Month-to-Month,DSL,Other,Don't know,
34,2,8,86,3620,0,3,40.4,77.15,77.15,Credit Card,Month-to-Month,DSL,Other,Don't know,Offer E
69,2,27,95,3475,0,2,49.25,91.1,179.08,Bank Withdrawal,Month-to-Month,DSL,Competitor,Competitor made better offer,
61,6,21,90,4525,5,2,44.6,260.8,556,Bank Withdrawal,Month-to-Month,DSL,Price,Extra data charges,Offer E
75,16,16,87,5556,0,1,59.4,1023.9,1613.18,Bank Withdrawal,Month-to-Month,DSL,Price,Price too high,
22,1,58,81,3638,0,2,55.2,55.2,90.8,Credit Card,Month-to-Month,DSL,Dissatisfaction,Poor expertise of online support,
47,6,14,93,4667,0,1,30.5,208.7,208.7,Credit Card,Month-to-Month,DSL,Competitor,Competitor had better devices,Offer E
20,5,59,86,4630,0,2,51,305.95,305.95,Mailed Check,Month-to-Month,DSL,Price,Long distance charges,
24,7,85,75,5651,4,1,49.75,331.3,584.28,Bank Withdrawal,One Year,DSL,Competitor,Competitor offered higher download speeds,Offer E
21,22,30,87,4626,1,1,61.15,1422.05,2447.61,Credit Card,Month-to-Month,DSL,Dissatisfaction,Service dissatisfaction,Offer D
62,11,12,91,2860,1,1,66.35,740.8,913.39,Bank Withdrawal,Month-to-Month,DSL,Competitor,Competitor had better devices,Offer D
35,24,28,80,5005,0,1,49.55,1210.4,1555.76,Bank Withdrawal,Month-to-Month,DSL,Other,Don't know,
51,6,12,88,4713,0,2,50.8,288.05,419.51,Bank Withdrawal,Month-to-Month,DSL,Competitor,Competitor offered higher download speeds,Offer E
58,1,27,85,3718,0,1,50.8,50.8,52.08,Bank Withdrawal,Month-to-Month,DSL,Competitor,Competitor had better devices,Offer E
19,3,52,65,5787,0,2,55.35,165.2,168.92,Bank Withdrawal,Month-to-Month,DSL,Competitor,Competitor offered more data,
44,6,22,95,4110,0,1,56.25,389.1,492.18,Bank Withdrawal,Month-to-Month,DSL,Attitude,Attitude of support person,Offer E
54,7,22,91,4661,0,3,59.5,415.95,431.63,Credit Card,Month-to-Month,DSL,Other,Moved,Offer E
62,3,27,76,2088,0,1,25.25,58.9,58.9,Bank Withdrawal,Month-to-Month,DSL,Competitor,Competitor had better devices,
45,2,3,76,2570,0,3,44.35,81.25,174.93,Bank Withdrawal,Month-to-Month,DSL,Other,Don't know,Offer E
20,3,30,91,5450,0,1,35.2,108.95,108.95,Credit Card,Month-to-Month,DSL,Competitor,Competitor had better devices,Offer E
27,2,59,90,5799,1,1,73.55,145.4,162.4,Bank Withdrawal,Month-to-Month,Fiber Optic,Competitor,Competitor had better devices,
72,1,13,82,2146,0,3,70.55,70.55,88.75,Bank Withdrawal,Month-to-Month,Fiber Optic,Attitude,Attitude of service provider,Offer E
72,25,6,82,4078,0,3,89.7,2187.55,3073.22,Bank Withdrawal,Month-to-Month,Fiber Optic,Dissatisfaction,Poor expertise of online support,
41,66,12,82,4688,1,1,102.45,6615.15,9963.97,Credit Card,One Year,Fiber Optic,Competitor,Competitor had better devices,Offer A
34,1,15,90,4424,0,3,80.8,80.8,122.57,Bank Withdrawal,Month-to-Month,Fiber Optic,Competitor,Competitor made better offer,
31,2,10,81,2928,0,3,70,153.05,228.57,Bank Withdrawal,Month-to-Month,Fiber Optic,Other,Moved,Offer E
76,32,10,69,4105,2,2,74.9,2303.35,3818.23,Bank Withdrawal,Month-to-Month,Fiber Optic,Attitude,Attitude of support person,Offer C
55,50,14,91,5812,6,2,103.85,5017.9,7128.4,Bank Withdrawal,Month-to-Month,Fiber Optic,Price,Price too high,Offer B
33,3,10,93,5202,0,2,88.35,262.05,410.25,Credit Card,Month-to-Month,Fiber Optic,Competitor,Competitor offered more data,Offer E
74,14,24,96,4777,0,3,90.45,1266.1,1424.44,Credit Card,Month-to-Month,Fiber Optic,Competitor,Competitor offered more data,
56,1,11,66,5633,0,3,74.35,74.35,79.15,Bank Withdrawal,Month-to-Month,Fiber Optic,Other,Deceased,
64,39,5,96,4696,0,3,75.25,3017.65,4428.28,Bank Withdrawal,Month-to-Month,Fiber Optic,Competitor,Competitor made better offer,Offer C
39,1,26,75,2066,0,3,79.7,79.7,113.58,Bank Withdrawal,Month-to-Month,Fiber Optic,Other,Poor expertise of online support,
54,49,22,91,5157,1,2,99.05,4853.75,5843.03,Bank Withdrawal,Month-to-Month,Fiber Optic,Competitor,Competitor offered higher download speeds,Offer B
41,44,23,81,3486,0,2,100.55,4398.15,6286.63,Bank Withdrawal,Month-to-Month,Fiber Optic,Dissatisfaction,Network reliability,
47,43,25,91,5107,0,1,77.85,3365.85,5478.44,Bank Withdrawal,Month-to-Month,Fiber Optic,Price,Lack of affordable download/upload speed,Offer B
50,2,7,80,5100,0,1,91.4,193.6,272.84,Bank Withdrawal,Month-to-Month,Fiber Optic,Competitor,Competitor had better devices,
75,7,27,89,3077,1,2,89.5,676.7,772.11,Bank Withdrawal,Month-to-Month,Fiber Optic,Dissatisfaction,Network reliability,Offer E
34,10,21,90,3074,0,3,94.85,953.45,1386.05,Bank Withdrawal,Month-to-Month,Fiber Optic,Competitor,Competitor offered more data,
70,35,29,91,2080,0,2,95.45,3474.05,4782.55,Bank Withdrawal,Month-to-Month,Fiber Optic,Other,Don't know,Offer C
23,9,76,76,5393,0,1,74.25,639.65,764.39,Credit Card,Month-to-Month,Fiber Optic,Attitude,Attitude of support person,
26,5,46,87,4109,0,3,85.2,474.8,647.25,Bank Withdrawal,Month-to-Month,Fiber Optic,Attitude,Attitude of service provider,Offer E
68,66,11,86,6117,1,2,105.95,6975.25,8806.75,Credit Card,One Year,Fiber Optic,Other,Don't know,
28,2,41,77,4263,1,1,74.4,139.4,158.98,Bank Withdrawal,Month-to-Month,Fiber Optic,Attitude,Attitude of support person,
46,1,19,92,4779,1,1,69.1,69.1,85.65,Credit Card,Month-to-Month,Fiber Optic,Other,Don't know,Offer E
47,1,6,80,5086,0,3,90.85,90.85,91.98,Bank Withdrawal,Month-to-Month,Fiber Optic,Price,Price too high,Offer E
63,34,14,94,5795,0,3,73.95,2524.45,2577.15,Credit Card,Month-to-Month,Fiber Optic,Competitor,Competitor made better offer,Offer C
22,56,69,72,5276,0,3,73.85,4092.85,6085.89,Bank Withdrawal,Month-to-Month,Fiber Optic,Attitude,Attitude of support person,
74,40,22,69,5098,1,3,99.2,4062.2,4852.6,Credit Card,One Year,Fiber Optic,Other,Moved,
75,28,28,83,5030,0,1,106.15,3152.5,3423.26,Bank Withdrawal,Month-to-Month,Fiber Optic,Competitor,Competitor offered more data,Offer C
60,38,4,92,2341,1,1,105,4026.4,4751.44,Bank Withdrawal,Month-to-Month,Fiber Optic,Other,Don't know,
65,36,5,82,3041,1,2,85.25,3132.75,4016.19,Credit Card,Month-to-Month,Fiber Optic,Dissatisfaction,Product dissatisfaction,
64,42,16,66,5545,0,2,101.75,4273.45,5062.63,Bank Withdrawal,Month-to-Month,Fiber Optic,Other,Don't know,
33,30,19,84,5654,0,2,90.25,2755.35,3657.15,Bank Withdrawal,Month-to-Month,Fiber Optic,Competitor,Competitor made better offer,
26,5,42,90,3937,0,3,80,412.5,602.45,Bank Withdrawal,Month-to-Month,Fiber Optic,Competitor,Competitor made better offer,Offer E
33,10,30,74,5184,0,1,98.5,1058.25,1313.55,Bank Withdrawal,Month-to-Month,Fiber Optic,Competitor,Competitor had better devices,
65,39,26,96,4687,1,3,105.65,4284.8,5581.55,Bank Withdrawal,Month-to-Month,Fiber Optic,Attitude,Attitude of support person,
41,41,10,96,4963,1,1,113.6,4594.95,4800.36,Bank Withdrawal,Month-to-Month,Fiber Optic,Price,Extra data charges,
73,24,26,66,5245,0,3,102.95,2496.7,2574.22,Credit Card,Month-to-Month,Fiber Optic,Attitude,Attitude of support person,
37,50,13,79,5536,0,1,105.95,5341.8,6385.8,Credit Card,Month-to-Month,Fiber Optic,Price,Extra data charges,
58,1,15,81,5082,0,2,79.55,79.55,121.68,Bank Withdrawal,Month-to-Month,Fiber Optic,Competitor,Competitor made better offer,
70,5,20,65,4054,0,3,78.95,378.4,439.75,Bank Withdrawal,Month-to-Month,Fiber Optic,Attitude,Attitude of support person,Offer E
77,23,23,95,2740,0,2,94.75,2293.6,3010.51,Bank Withdrawal,Month-to-Month,Fiber Optic,Competitor,Competitor made better offer,Offer D
73,47,7,95,5915,1,1,80.35,3825.85,5716.42,Bank Withdrawal,Month-to-Month,Fiber Optic,Dissatisfaction,Network reliability,
48,27,6,89,4464,0,2,94.55,2724.6,3024.03,Mailed Check,Month-to-Month,Fiber Optic,Competitor,Competitor made better offer,
67,2,25,74,2189,0,1,70.65,142.35,167.39,Bank Withdrawal,Month-to-Month,Fiber Optic,Competitor,Competitor had better devices,
38,1,20,69,2699,0,2,70.05,70.05,97.94,Bank Withdrawal,Month-to-Month,Fiber Optic,Attitude,Attitude of support person,
28,10,85,90,4231,0,1,74.15,811.8,1104.2,Credit Card,Month-to-Month,Fiber Optic,Attitude,Attitude of support person,Offer D
66,37,2,81,4448,0,2,96.55,3580.3,3702.4,Bank Withdrawal,Month-to-Month,Fiber Optic,Attitude,Attitude of service provider,
54,5,29,85,5180,0,3,100.5,514,655,Bank Withdrawal,Month-to-Month,Fiber Optic,Competitor,Competitor made better offer,
65,29,6,82,3179,1,1,99.05,2952.85,3600.42,Bank Withdrawal,Month-to-Month,Fiber Optic,Competitor,Competitor offered higher download speeds,
71,3,3,67,2491,0,3,70.4,204.7,211.48,Bank Withdrawal,Month-to-Month,Fiber Optic,Other,Don't know,Offer E
78,33,2,79,2583,0,2,83.85,2716.3,3987.79,Credit Card,Month-to-Month,Fiber Optic,Competitor,Competitor made better offer,
70,1,23,71,4684,0,2,74.2,74.2,123.15,Bank Withdrawal,Month-to-Month,Fiber Optic,Price,Price too high,Offer E
35,17,11,67,4469,1,1,70.4,1214.05,1446.61,Bank Withdrawal,Month-to-Month,Fiber Optic,Competitor,Competitor had better devices,
37,2,15,78,2919,0,1,73.25,131.05,136.97,Credit Card,Month-to-Month,Fiber Optic,Price,Price too high,
69,1,20,88,3348,0,1,74.7,74.7,86.04,Bank Withdrawal,Month-to-Month,Fiber Optic,Competitor,Competitor had better devices,
35,7,27,87,3238,1,2,81.1,576.65,657.71,Bank Withdrawal,Month-to-Month,Fiber Optic,Competitor,Competitor made better offer,
40,1,22,91,2199,0,3,79.6,79.6,98.92,Bank Withdrawal,Month-to-Month,Fiber Optic,Attitude,Attitude of support person,
42,69,27,86,4283,1,2,103.95,7446.9,10013.7,Bank Withdrawal,Month-to-Month,Fiber Optic,Competitor,Competitor made better offer,
36,29,16,73,2663,1,1,70.75,1974.8,2300.76,Bank Withdrawal,Month-to-Month,Fiber Optic,Price,Price too high,
70,10,30,94,3320,0,3,84.6,865.55,1034.05,Credit Card,Month-to-Month,Fiber Optic,Attitude,Attitude of support person,
50,56,7,67,5170,2,2,100.3,5614.45,7178.85,Credit Card,One Year,Fiber Optic,Competitor,Competitor offered more data,
33,23,7,76,5338,1,1,99.25,2186.4,2628,Bank Withdrawal,Month-to-Month,Fiber Optic,Dissatisfaction,Service dissatisfaction,Offer D
27,21,59,69,3584,1,1,106.1,2249.95,2708.38,Bank Withdrawal,Month-to-Month,Fiber Optic,Price,Long distance charges,Offer D
78,11,14,71,3172,1,3,99.55,1131.2,1145.28,Bank Withdrawal,Month-to-Month,Fiber Optic,Competitor,Competitor made better offer,Offer D
64,1,24,81,3424,0,3,90.85,90.85,99.41,Credit Card,Month-to-Month,Fiber Optic,Competitor,Competitor made better offer,Offer E
51,4,29,71,5882,0,1,74.8,321.9,350.94,Bank Withdrawal,Month-to-Month,Fiber Optic,Dissatisfaction,Network reliability,
76,42,21,94,2322,1,1,74.15,3229.4,3351.2,Credit Card,Month-to-Month,Fiber Optic,Attitude,Attitude of support person,Offer B
28,13,41,65,2110,0,1,96.65,1244.5,1465.76,Bank Withdrawal,Month-to-Month,Fiber Optic,Competitor,Competitor made better offer,Offer D
48,1,16,79,5066,0,1,69.95,69.95,97.53,Bank Withdrawal,Month-to-Month,Fiber Optic,Other,Moved,Offer E
21,1,52,80,2565,0,1,73.6,73.6,79.79,Credit Card,Month-to-Month,Fiber Optic,Competitor,Competitor made better offer,
74,2,10,73,2671,0,3,70.35,139.05,165.39,Bank Withdrawal,Month-to-Month,Fiber Optic,Other,Don't know,Offer E
73,13,24,90,2230,0,1,95.05,1290,1537.39,Bank Withdrawal,Month-to-Month,Fiber Optic,Competitor,Competitor made better offer,
55,3,24,69,5657,1,1,74.1,228,276.87,Credit Card,Month-to-Month,Fiber Optic,Dissatisfaction,Lack of self-service on Website,
48,68,22,90,4610,1,1,113.15,7856,9465.56,Bank Withdrawal,Two Year,Fiber Optic,Price,Extra data charges,Offer A
30,64,73,91,4870,0,1,105.65,6903.1,8453.82,Credit Card,One Year,Fiber Optic,Other,Don't know,
29,1,27,79,4091,0,2,95.6,95.6,102.27,Bank Withdrawal,Month-to-Month,Fiber Optic,Other,Don't know,
79,1,23,90,5571,0,1,75.75,75.75,84.1,Bank Withdrawal,Month-to-Month,Fiber Optic,Competitor,Competitor made better offer,
78,20,22,91,3684,0,2,71.3,1389.2,1503.4,Credit Card,Month-to-Month,Fiber Optic,Attitude,Attitude of service provider,Offer D
30,5,52,69,5715,0,2,80.6,415.55,448.01,Bank Withdrawal,Month-to-Month,Fiber Optic,Competitor,Competitor made better offer,Offer E
31,19,22,90,4718,1,2,73.2,1441.1,1930.35,Bank Withdrawal,Month-to-Month,Fiber Optic,Attitude,Attitude of support person,Offer D
51,2,22,85,4381,0,2,80.2,146.05,255.63,Bank Withdrawal,Month-to-Month,Fiber Optic,Attitude,Attitude of service provider,Offer E
35,16,17,73,2850,0,1,72.65,1194.3,1946.14,Bank Withdrawal,Month-to-Month,Fiber Optic,Competitor,Competitor had better devices,Offer D
75,3,11,91,3501,0,1,79.4,205.05,330.75,Bank Withdrawal,Month-to-Month,Fiber Optic,Dissatisfaction,Product dissatisfaction,
37,16,18,87,5953,0,3,89.05,1448.6,1639.96,Credit Card,Month-to-Month,Fiber Optic,Competitor,Competitor made better offer,
43,1,23,78,4739,0,1,70.9,70.9,110.71,Mailed Check,Month-to-Month,Fiber Optic,Competitor,Competitor had better devices,Offer E
41,16,25,73,3696,1,3,89.45,1430.25,1937.93,Credit Card,Month-to-Month,Fiber Optic,Attitude,Attitude of support person,
21,52,51,85,4630,0,2,105,5426.85,7989.93,Bank Withdrawal,One Year,Fiber Optic,Other,Don't know,
32,21,26,91,5630,1,3,74.05,1565.7,1672.17,Bank Withdrawal,Month-to-Month,Fiber Optic,Dissatisfaction,Lack of self-service on Website,
21,7,42,75,3949,0,2,80.3,526.7,811.17,Mailed Check,Month-to-Month,Fiber Optic,Competitor,Competitor made better offer,
76,40,3,84,2837,1,1,101.85,4086.3,4200.3,Bank Withdrawal,Month-to-Month,Fiber Optic,Other,Don't know,
78,7,7,84,5638,0,2,73.75,545.15,771.95,Credit Card,Month-to-Month,Fiber Optic,Attitude,Attitude of support person,
66,1,23,96,4843,0,1,86.05,86.05,124.83,Bank Withdrawal,Month-to-Month,Fiber Optic,Competitor,Competitor had better devices,
80,1,19,86,5443,0,3,73.65,73.65,113.53,Bank Withdrawal,Month-to-Month,Fiber Optic,Attitude,Attitude of service provider,
24,21,59,89,4123,1,3,111.2,2317.1,3198.56,Bank Withdrawal,Month-to-Month,Fiber Optic,Attitude,Attitude of service provider,
42,10,19,92,2457,1,2,70.1,659.65,845.26,Bank Withdrawal,Month-to-Month,Fiber Optic,Dissatisfaction,Network reliability,
64,1,13,75,5644,1,2,68.95,68.95,90.6,Bank Withdrawal,Month-to-Month,Fiber Optic,Dissatisfaction,Limited range of services,Offer E
77,7,18,81,4419,0,2,76.45,503.6,681.2,Bank Withdrawal,Month-to-Month,Fiber Optic,Price,Lack of affordable download/upload speed,Offer E
34,58,25,66,5411,0,2,104.65,6219.6,8645.72,Bank Withdrawal,One Year,Fiber Optic,Dissatisfaction,Service dissatisfaction,Offer B
79,6,29,83,3330,0,3,98.25,560.6,844.7,Bank Withdrawal,Month-to-Month,Fiber Optic,Attitude,Attitude of support person,
41,67,11,91,4348,1,1,94.35,6341.45,8414.43,Credit Card,One Year,Fiber Optic,Price,Long distance charges,Offer A
76,16,16,96,5913,0,2,96.15,1529.2,2149.2,Bank Withdrawal,Month-to-Month,Fiber Optic,Other,Don't know,
57,14,29,81,4107,0,1,89.8,1129.1,1273.3,Credit Card,Month-to-Month,Fiber Optic,Attitude,Attitude of support person,Offer D
76,4,27,69,3716,1,2,74.95,308.7,421.14,Bank Withdrawal,Month-to-Month,Fiber Optic,Competitor,Competitor offered more data,
77,1,20,91,3106,0,1,88.8,88.8,148.4,Bank Withdrawal,Month-to-Month,Fiber Optic,Competitor,Competitor made better offer,
72,27,18,95,4638,0,1,78.05,2135.5,2235.41,Bank Withdrawal,Month-to-Month,Fiber Optic,Competitor,Competitor had better devices,Offer C
32,35,17,68,5874,0,1,86.45,3029.1,3696.55,Bank Withdrawal,Month-to-Month,Fiber Optic,Competitor,Competitor made better offer,
35,9,27,91,4748,0,2,79.9,741.7,914.32,Bank Withdrawal,Month-to-Month,Fiber Optic,Price,Extra data charges,Offer E
69,4,4,74,2754,0,3,88.85,372.45,423.89,Bank Withdrawal,Month-to-Month,Fiber Optic,Other,Don't know,
55,5,7,72,3401,1,2,78.75,412.1,427.9,Bank Withdrawal,Month-to-Month,Fiber Optic,Other,Don't know,
63,9,5,95,2445,1,3,85.35,754.65,932.54,Bank Withdrawal,Month-to-Month,Fiber Optic,Dissatisfaction,Service dissatisfaction,Offer E
64,1,28,71,4278,0,1,82.3,82.3,115.71,Bank Withdrawal,Month-to-Month,Fiber Optic,Competitor,Competitor had better devices,Offer E
69,20,5,95,4997,0,1,79.15,1520.9,1757.3,Bank Withdrawal,Month-to-Month,Fiber Optic,Attitude,Attitude of support person,
26,1,30,73,5919,0,1,74.9,74.9,110.15,Bank Withdrawal,Month-to-Month,Fiber Optic,Competitor,Competitor had better devices,
29,2,41,69,2856,0,3,80.55,184.1,251.88,Bank Withdrawal,Month-to-Month,Fiber Optic,Attitude,Attitude of support person,Offer E
23,46,71,91,3322,0,2,105.2,4822.85,6802.69,Bank Withdrawal,One Year,Fiber Optic,Other,Don't know,
78,1,21,87,4138,1,1,80.3,80.3,97.81,Bank Withdrawal,Month-to-Month,Fiber Optic,Competitor,Competitor had better devices,
33,2,21,92,5239,0,3,79,143.65,240.97,Bank Withdrawal,Month-to-Month,Fiber Optic,Attitude,Attitude of support person,
68,18,15,68,5857,1,2,99.75,1836.25,2291.11,Bank Withdrawal,Month-to-Month,Fiber Optic,Attitude,Attitude of support person,
44,8,10,94,5811,0,1,94.7,740.3,976.22,Bank Withdrawal,Month-to-Month,Fiber Optic,Competitor,Competitor offered more data,
66,55,7,83,5679,0,3,100,5509.3,7665.2,Bank Withdrawal,One Year,Fiber Optic,Competitor,Competitor offered higher download speeds,
65,46,20,81,2403,0,1,110,4874.8,4983.82,Bank Withdrawal,One Year,Fiber Optic,Competitor,Competitor made better offer,
46,33,12,71,3185,1,1,104.4,3409.6,3783.16,Bank Withdrawal,Month-to-Month,Fiber Optic,Dissatisfaction,Service dissatisfaction,
60,28,5,91,5392,0,1,74.9,2068.55,3308.39,Bank Withdrawal,Month-to-Month,Fiber Optic,Price,Long distance charges,Offer C
39,16,30,96,5915,0,1,95.6,1555.65,1859.49,Credit Card,Month-to-Month,Fiber Optic,Attitude,Attitude of service provider,Offer D
68,35,25,92,3689,0,3,101.4,3496.3,4885.45,Bank Withdrawal,Month-to-Month,Fiber Optic,Competitor,Competitor offered more data,Offer C
53,6,3,71,5656,0,1,90.1,521.3,528.2,Bank Withdrawal,Month-to-Month,Fiber Optic,Competitor,Competitor made better offer,
77,61,17,84,4412,1,1,104.4,6405,8546.71,Credit Card,One Year,Fiber Optic,Competitor,Competitor had better devices,
75,14,10,71,5342,0,3,74.3,1096.25,1587.23,Bank Withdrawal,Month-to-Month,Fiber Optic,Dissatisfaction,Service dissatisfaction,
26,8,41,71,2363,0,1,103.35,847.3,1004.74,Bank Withdrawal,Month-to-Month,Fiber Optic,Competitor,Competitor offered more data,Offer E
62,32,11,90,5949,1,3,78.9,2447.95,3170.19,Bank Withdrawal,Month-to-Month,Fiber Optic,Competitor,Competitor made better offer,Offer C
41,25,8,82,5641,0,1,94.7,2362.1,3234.1,Bank Withdrawal,Month-to-Month,Fiber Optic,Competitor,Competitor had better devices,
27,16,59,73,2827,0,1,94.25,1483.25,1950.29,Bank Withdrawal,Month-to-Month,Fiber Optic,Competitor,Competitor offered higher download speeds,
73,6,30,90,5831,0,2,85.15,503.6,680.06,Bank Withdrawal,Month-to-Month,Fiber Optic,Attitude,Attitude of service provider,Offer E
67,5,6,66,2718,0,2,89.5,477.7,706.3,Bank Withdrawal,Month-to-Month,Fiber Optic,Attitude,Attitude of support person,
36,25,5,90,5853,1,2,89.15,2257.75,2873.75,Bank Withdrawal,Month-to-Month,Fiber Optic,Competitor,Competitor made better offer,
51,23,11,68,5216,0,1,79.15,1676.95,2446.07,Bank Withdrawal,Month-to-Month,Fiber Optic,Competitor,Competitor had better devices,Offer D
66,8,27,74,5084,0,1,100.3,832.35,924.91,Credit Card,Month-to-Month,Fiber Optic,Competitor,Competitor had better devices,
66,5,27,74,3305,0,1,84.85,415.55,572.3,Credit Card,Month-to-Month,Fiber Optic,Competitor,Competitor had better devices,
70,68,24,69,5651,1,1,89.6,6127.6,7768.44,Bank Withdrawal,Month-to-Month,Fiber Optic,Competitor,Competitor had better devices,Offer A
53,35,21,79,2785,0,3,75.35,2636.05,3512.45,Credit Card,Month-to-Month,Fiber Optic,Other,Poor expertise of online support,Offer C
39,1,21,93,4884,0,3,75.7,75.7,84.75,Bank Withdrawal,Month-to-Month,Fiber Optic,Attitude,Attitude of support person,Offer E
20,12,42,80,5598,0,1,99.95,1132.75,1590.67,Credit Card,Month-to-Month,Fiber Optic,Competitor,Competitor had better devices,
20,1,52,94,3108,0,2,79.6,79.6,101.32,Bank Withdrawal,Month-to-Month,Fiber Optic,Other,Deceased,Offer E
34,12,56,86,5806,0,1,78.95,927.35,1311.43,Bank Withdrawal,Month-to-Month,Fiber Optic,Attitude,Attitude of support person,
67,1,29,91,5429,1,3,74.4,74.4,121.76,Bank Withdrawal,Month-to-Month,Fiber Optic,Competitor,Competitor made better offer,
59,4,18,74,4249,0,1,94.4,387.2,545.92,Bank Withdrawal,Month-to-Month,Fiber Optic,Competitor,Competitor had better devices,Offer E
74,27,25,80,5172,0,1,85.25,2287.25,3128.84,Bank Withdrawal,Month-to-Month,Fiber Optic,Competitor,Competitor had better devices,
24,48,47,71,4736,1,1,103.25,5037.55,5342.83,Credit Card,One Year,Fiber Optic,Attitude,Attitude of service provider,Offer B
21,54,71,90,6189,1,1,110.35,5893.15,6010.87,Bank Withdrawal,One Year,Fiber Optic,Competitor,Competitor had better devices,Offer B
69,66,25,93,4389,0,3,110.9,7432.05,8085.45,Credit Card,One Year,Fiber Optic,Attitude,Attitude of service provider,
35,10,18,91,4501,1,2,98.5,1037.75,1048.65,Bank Withdrawal,Month-to-Month,Fiber Optic,Dissatisfaction,Lack of self-service on Website,Offer D
33,30,22,68,4095,1,3,94.05,2866.45,3181.45,Credit Card,Month-to-Month,Fiber Optic,Attitude,Attitude of support person,Offer C
47,2,8,76,4157,0,3,90.4,168.2,189.26,Bank Withdrawal,Month-to-Month,Fiber Optic,Other,Don't know,Offer E
21,3,71,76,4415,0,1,74.4,229.55,264.61,Bank Withdrawal,Month-to-Month,Fiber Optic,Dissatisfaction,Product dissatisfaction,Offer E
63,43,11,68,4673,0,1,75.2,3198.6,4660.6,Bank Withdrawal,Month-to-Month,Fiber Optic,Dissatisfaction,Network reliability,
59,67,28,90,5516,1,1,108.75,7156.2,9310.25,Credit Card,Two Year,Fiber Optic,Competitor,Competitor had better devices,
65,7,3,74,2016,2,1,101.95,700.85,943.47,Bank Withdrawal,Month-to-Month,Fiber Optic,Other,Don't know,
19,4,53,87,2330,0,1,85.65,338.9,366.54,Bank Withdrawal,Month-to-Month,Fiber Optic,Dissatisfaction,Limited range of services,
34,45,3,70,4898,0,1,100.85,4740,5375.4,Credit Card,Month-to-Month,Fiber Optic,Competitor,Competitor offered more data,Offer B
30,38,85,76,5274,0,1,99.25,3777.15,4965.41,Bank Withdrawal,Month-to-Month,Fiber Optic,Competitor,Competitor had better devices,Offer C
41,10,27,67,3156,0,1,70,740,1012.8,Bank Withdrawal,Month-to-Month,Fiber Optic,Competitor,Competitor had better devices,
23,41,59,80,3038,0,1,114.5,4527.45,5411.41,Bank Withdrawal,Month-to-Month,Fiber Optic,Competitor,Competitor made better offer,Offer B
77,62,16,91,5052,1,1,103.75,6383.35,6824.17,Bank Withdrawal,One Year,Fiber Optic,Competitor,Competitor had better devices,
21,60,52,76,4111,1,3,90.95,5453.4,7448.4,Bank Withdrawal,One Year,Fiber Optic,Other,Moved,Offer B
45,23,28,80,5737,0,1,83.8,1900.25,2792.88,Bank Withdrawal,Month-to-Month,Fiber Optic,Attitude,Attitude of support person,
45,1,9,87,3473,0,2,95.65,95.65,127.98,Credit Card,Month-to-Month,Fiber Optic,Attitude,Attitude of service provider,Offer E
25,4,59,88,3591,0,2,81,340.85,477.33,Bank Withdrawal,Month-to-Month,Fiber Optic,Dissatisfaction,Limited range of services,Offer E
41,48,30,93,3365,1,2,82.05,4029.95,5179.55,Mailed Check,One Year,Fiber Optic,Competitor,Competitor offered higher download speeds,Offer B
48,8,8,69,2545,0,1,87.05,762.1,1126.82,Bank Withdrawal,Month-to-Month,Fiber Optic,Price,Price too high,Offer E
73,27,27,75,3444,5,1,104.3,2867.75,3142.88,Bank Withdrawal,Month-to-Month,Fiber Optic,Competitor,Competitor made better offer,Offer C
72,27,11,96,2420,0,3,88.3,2467.75,2925.13,Credit Card,Month-to-Month,Fiber Optic,Other,Don't know,
48,3,13,72,3260,0,1,96.6,291.9,321.75,Bank Withdrawal,Month-to-Month,Fiber Optic,Price,Price too high,Offer E
29,65,73,82,5530,0,3,91.85,5940.85,8329.6,Bank Withdrawal,Month-to-Month,Fiber Optic,Competitor,Competitor made better offer,
42,15,21,65,2813,0,3,79.75,1111.85,1754.3,Bank Withdrawal,Month-to-Month,Fiber Optic,Dissatisfaction,Limited range of services,Offer D
37,29,7,90,3249,0,2,78.9,2384.15,3669.72,Bank Withdrawal,Month-to-Month,Fiber Optic,Price,Extra data charges,
77,41,21,91,2169,0,1,98.4,4187.75,5912.21,Bank Withdrawal,Month-to-Month,Fiber Optic,Competitor,Competitor had better devices,Offer B
48,26,15,76,2934,0,2,74.95,1834.95,2290.73,Bank Withdrawal,Month-to-Month,Fiber Optic,Other,Don't know,
65,15,3,70,2596,2,3,83.05,1258.3,2030.25,Bank Withdrawal,Month-to-Month,Fiber Optic,Competitor,Competitor made better offer,
20,52,48,65,4839,6,2,105.05,5624.85,6147.93,Bank Withdrawal,Month-to-Month,Fiber Optic,Other,Don't know,
30,2,52,86,2101,0,1,75.9,143.35,197.09,Bank Withdrawal,Month-to-Month,Fiber Optic,Other,Don't know,
51,1,28,84,5367,0,3,69.9,69.9,115.56,Bank Withdrawal,Month-to-Month,Fiber Optic,Competitor,Competitor offered higher download speeds,Offer E
78,25,12,88,5337,1,2,98.5,2514.5,2995.07,Bank Withdrawal,Month-to-Month,Fiber Optic,Dissatisfaction,Limited range of services,Offer C
59,25,3,74,2195,0,1,100.25,2387.75,3293.75,Bank Withdrawal,Month-to-Month,Fiber Optic,Price,Extra data charges,
46,3,21,67,4934,0,1,85.3,264.8,307.64,Bank Withdrawal,Month-to-Month,Fiber Optic,Other,Don't know,Offer E
32,1,7,78,4512,0,2,70.3,70.3,75.97,Bank Withdrawal,Month-to-Month,Fiber Optic,Other,Don't know,Offer E
74,3,9,89,3834,1,2,80.4,224.05,233.92,Bank Withdrawal,Month-to-Month,Fiber Optic,Attitude,Attitude of service provider,Offer E
25,2,26,65,3039,1,1,79.7,165,222.72,Bank Withdrawal,Month-to-Month,Fiber Optic,Competitor,Competitor had better devices,
32,1,19,79,2756,0,3,77.15,77.15,114.85,Bank Withdrawal,Month-to-Month,Fiber Optic,Dissatisfaction,Limited range of services,
69,32,6,90,5247,1,3,93.2,2931,3992.8,Bank Withdrawal,Month-to-Month,Fiber Optic,Competitor,Competitor made better offer,
71,1,11,70,5795,1,1,95.1,95.1,99.99,Bank Withdrawal,Month-to-Month,Fiber Optic,Price,Price too high,
51,24,15,72,4734,2,3,104.65,2542.45,2614.45,Bank Withdrawal,Month-to-Month,Fiber Optic,Competitor,Competitor made better offer,Offer C
20,6,26,80,3578,0,1,98.15,567.45,689.01,Bank Withdrawal,Month-to-Month,Fiber Optic,Attitude,Attitude of support person,Offer E
57,1,5,71,2119,0,3,79.65,79.65,102.13,Bank Withdrawal,Month-to-Month,Fiber Optic,Competitor,Competitor made better offer,
26,18,26,89,2931,0,1,90.7,1597.25,2111.87,Credit Card,Month-to-Month,Fiber Optic,Competitor,Competitor made better offer,
62,49,24,90,5283,0,2,75.2,3678.3,4633.22,Credit Card,Month-to-Month,Fiber Optic,Price,Extra data charges,
71,5,11,74,3368,0,3,69.05,318.5,468.75,Credit Card,Month-to-Month,Fiber Optic,Competitor,Competitor made better offer,
54,1,30,87,4179,1,2,69.15,69.15,71.35,Bank Withdrawal,Month-to-Month,Fiber Optic,Competitor,Competitor offered more data,
52,25,18,75,4881,0,1,70.95,1767.35,2410.1,Credit Card,Month-to-Month,Fiber Optic,Dissatisfaction,Product dissatisfaction,
36,12,9,79,5047,0,1,89.4,1095.65,1305.17,Bank Withdrawal,Month-to-Month,Fiber Optic,Dissatisfaction,Product dissatisfaction,Offer D
67,12,27,90,2709,1,3,98.1,1060.2,1378.7,Bank Withdrawal,Month-to-Month,Fiber Optic,Dissatisfaction,Service dissatisfaction,Offer D
50,21,29,72,2036,3,3,86.5,1808.7,2695.32,Bank Withdrawal,Month-to-Month,Fiber Optic,Competitor,Competitor offered more data,Offer D
65,47,20,68,3645,0,3,85.5,4042.3,5811.56,Credit Card,Month-to-Month,Fiber Optic,Other,Moved,
75,7,22,83,3669,1,2,70.1,467.55,559.67,Credit Card,Month-to-Month,Fiber Optic,Attitude,Attitude of service provider,
65,15,29,86,4616,0,1,74.4,1074.3,1510.95,Bank Withdrawal,Month-to-Month,Fiber Optic,Competitor,Competitor had better devices,Offer D
44,32,14,68,3553,0,2,84.05,2781.85,4070.17,Bank Withdrawal,One Year,Fiber Optic,Other,Moved,
33,58,28,96,4415,1,2,102.1,5885.4,6188.98,Credit Card,Month-to-Month,Fiber Optic,Competitor,Competitor made better offer,
25,7,52,90,3807,1,2,89.75,608.8,717.39,Bank Withdrawal,Month-to-Month,Fiber Optic,Dissatisfaction,Poor expertise of online support,
28,12,59,84,4154,1,1,84.5,916.9,1404.46,Bank Withdrawal,Month-to-Month,Fiber Optic,Competitor,Competitor had better devices,
32,8,16,95,2887,0,1,85.2,627.4,838.68,Credit Card,Month-to-Month,Fiber Optic,Competitor,Competitor had better devices,Offer E
40,9,23,96,3847,0,2,77.65,714.15,920.07,Bank Withdrawal,Month-to-Month,Fiber Optic,Competitor,Competitor made better offer,
41,12,23,91,3330,0,2,84.45,1059.55,1207.87,Bank Withdrawal,Month-to-Month,Fiber Optic,Dissatisfaction,Limited range of services,
49,23,2,93,5963,0,1,104.05,2470.1,2844.54,Credit Card,Month-to-Month,Fiber Optic,Competitor,Competitor had better devices,Offer D
62,7,25,68,5159,0,1,74.9,541.15,868.68,Bank Withdrawal,Month-to-Month,Fiber Optic,Competitor,Competitor had better devices,Offer E
31,1,12,73,4340,0,2,84.5,84.5,91.39,Bank Withdrawal,Month-to-Month,Fiber Optic,Price,Price too high,
62,17,9,91,2026,1,1,90.2,1454.15,1659.17,Credit Card,Month-to-Month,Fiber Optic,Dissatisfaction,Product dissatisfaction,Offer D
55,18,5,90,2708,0,1,90,1527.35,1773.05,Credit Card,Month-to-Month,Fiber Optic,Competitor,Competitor had better devices,
74,43,13,69,5863,7,2,109.55,4830.25,5206.5,Credit Card,One Year,Fiber Optic,Dissatisfaction,Limited range of services,Offer B
75,20,10,84,5604,7,1,94.55,1899.65,2005.85,Bank Withdrawal,Month-to-Month,Fiber Optic,Competitor,Competitor had better devices,
25,30,41,90,3698,1,2,85,2624.25,2768.85,Bank Withdrawal,Month-to-Month,Fiber Optic,Other,Don't know,Offer C
37,33,23,91,5647,0,2,68.25,2171.15,3122.87,Bank Withdrawal,Month-to-Month,Fiber Optic,Attitude,Attitude of support person,
52,39,28,83,4811,0,2,103.45,3994.45,5349.31,Bank Withdrawal,Month-to-Month,Fiber Optic,Competitor,Competitor made better offer,Offer C
26,1,52,86,5460,0,3,90.75,90.75,113.81,Bank Withdrawal,Month-to-Month,Fiber Optic,Attitude,Attitude of support person,Offer E
53,49,9,69,5732,2,1,95.6,4783.5,7215.37,Bank Withdrawal,Month-to-Month,Fiber Optic,Competitor,Competitor offered higher download speeds,
48,35,12,94,4639,1,2,75.2,2576.2,4272.65,Bank Withdrawal,Month-to-Month,Fiber Optic,Price,Price too high,Offer C
54,9,6,72,3016,1,2,94.85,890.6,1047.83,Credit Card,Month-to-Month,Fiber Optic,Other,Don't know,
58,67,21,85,4146,0,3,111.3,7482.1,9441.18,Bank Withdrawal,One Year,Fiber Optic,Attitude,Attitude of support person,Offer A
54,44,6,66,3997,0,2,84.8,3862.55,5630.03,Bank Withdrawal,Month-to-Month,Fiber Optic,Attitude,Attitude of support person,
48,1,23,95,4931,0,2,85.45,85.45,108.42,Bank Withdrawal,Month-to-Month,Fiber Optic,Price,Lack of affordable download/upload speed,Offer E
63,41,22,85,5383,0,2,106.3,4443.45,5001.08,Bank Withdrawal,Month-to-Month,Fiber Optic,Price,Price too high,
75,54,8,68,6405,0,2,101.5,5373.1,7181.56,Credit Card,One Year,Fiber Optic,Price,Lack of affordable download/upload speed,Offer B
61,7,2,91,2031,0,1,99.8,673.25,1012.46,Bank Withdrawal,Month-to-Month,Fiber Optic,Competitor,Competitor had better devices,
54,5,8,91,5383,0,3,96.5,492.55,596.85,Bank Withdrawal,Month-to-Month,Fiber Optic,Competitor,Competitor made better offer,Offer E
26,10,82,75,3573,1,3,85.25,855.3,975.5,Bank Withdrawal,Month-to-Month,Fiber Optic,Competitor,Competitor offered more data,Offer D
76,12,26,91,2819,0,3,99.45,1200.15,1462.83,Bank Withdrawal,Month-to-Month,Fiber Optic,Competitor,Competitor made better offer,
71,25,23,91,3878,0,2,88.95,2291.2,3482.7,Bank Withdrawal,Month-to-Month,Fiber Optic,Competitor,Competitor made better offer,Offer C
74,31,4,96,5362,0,3,99.95,3186.65,4406.81,Bank Withdrawal,Month-to-Month,Fiber Optic,Competitor,Competitor made better offer,
71,3,28,67,2930,0,1,76.05,231.8,322.55,Bank Withdrawal,Month-to-Month,Fiber Optic,Competitor,Competitor had better devices,
34,8,7,67,5071,0,1,80.1,679.3,970.42,Bank Withdrawal,Month-to-Month,Fiber Optic,Competitor,Competitor had better devices,
69,16,7,87,3392,1,2,98.75,1587.55,1830.11,Bank Withdrawal,Month-to-Month,Fiber Optic,Attitude,Attitude of support person,
59,14,23,84,5887,3,1,105.95,1348.9,1427.72,Credit Card,One Year,Fiber Optic,Competitor,Competitor offered higher download speeds,
40,13,21,77,4745,5,1,84.05,1095.3,1460.29,Bank Withdrawal,Month-to-Month,Fiber Optic,Competitor,Competitor offered higher download speeds,Offer D
57,1,26,88,2843,0,2,69.35,69.35,91.38,Bank Withdrawal,Month-to-Month,Fiber Optic,Attitude,Attitude of service provider,
32,2,25,82,2414,0,2,95.15,196.9,273.92,Bank Withdrawal,Month-to-Month,Fiber Optic,Competitor,Competitor made better offer,Offer E
30,17,51,89,5643,1,1,91.85,1574.45,2287.6,Bank Withdrawal,Month-to-Month,Fiber Optic,Price,Lack of affordable download/upload speed,Offer D
60,11,19,92,3101,5,1,96.2,1222.05,1517.73,Credit Card,Month-to-Month,Fiber Optic,Competitor,Competitor had better devices,
21,4,51,72,2570,4,3,97.95,384.5,424.42,Bank Withdrawal,Month-to-Month,Fiber Optic,Attitude,Attitude of service provider,Offer E
50,1,25,90,4154,0,2,69.8,69.8,102.66,Bank Withdrawal,Month-to-Month,Fiber Optic,Dissatisfaction,Network reliability,
39,2,6,95,2187,0,2,85.7,169.8,197.94,Bank Withdrawal,Month-to-Month,Fiber Optic,Attitude,Attitude of service provider,
73,57,3,74,5247,1,1,100.6,5746.15,8145.85,Bank Withdrawal,Month-to-Month,Fiber Optic,Dissatisfaction,Network reliability,Offer B
28,35,41,88,2455,0,2,85.3,2917.5,4603.51,Credit Card,Month-to-Month,Fiber Optic,Competitor,Competitor offered more data,Offer C
31,1,8,69,5996,0,1,74.3,74.3,113.96,Credit Card,Month-to-Month,Fiber Optic,Competitor,Competitor had better devices,Offer E
72,1,5,76,4116,0,1,73,73,93.55,Bank Withdrawal,Month-to-Month,Fiber Optic,Competitor,Competitor offered more data,
24,1,52,80,3555,0,1,79.05,79.05,110.39,Bank Withdrawal,Month-to-Month,Fiber Optic,Competitor,Competitor made better offer,
68,13,4,76,5394,0,1,90.5,1201.15,1650.74,Bank Withdrawal,Month-to-Month,Fiber Optic,Competitor,Competitor had better devices,
62,31,17,79,4115,1,1,93.8,3019.5,3135.22,Bank Withdrawal,Month-to-Month,Fiber Optic,Other,Don't know,
21,70,48,73,5947,1,1,114.2,7723.9,8849.96,Bank Withdrawal,Two Year,Fiber Optic,Price,Price too high,Offer A
54,19,18,76,3670,0,1,99.95,1931.75,1973.36,Bank Withdrawal,Month-to-Month,Fiber Optic,Competitor,Competitor had better devices,Offer D
22,34,52,72,2568,2,3,100.05,3480,4285.06,Bank Withdrawal,Month-to-Month,Fiber Optic,Other,Poor expertise of online support,Offer C
37,28,13,91,5958,1,3,90.1,2598.95,3111.63,Bank Withdrawal,One Year,Fiber Optic,Other,Poor expertise of online support,
58,17,11,77,3368,1,2,69,1149.65,1914.14,Bank Withdrawal,Month-to-Month,Fiber Optic,Competitor,Competitor offered higher download speeds,Offer D
68,26,12,89,4074,0,1,89.15,2277.65,2513.99,Bank Withdrawal,Month-to-Month,Fiber Optic,Other,Don't know,Offer C
33,6,13,88,5838,4,1,75.5,438,565.38,Bank Withdrawal,Month-to-Month,Fiber Optic,Dissatisfaction,Product dissatisfaction,
75,1,15,77,3273,0,2,69.5,69.5,190.7,Bank Withdrawal,Month-to-Month,Fiber Optic,Price,Price too high,
42,2,14,90,3051,0,3,82,184.65,267.01,Bank Withdrawal,Month-to-Month,Fiber Optic,Competitor,Competitor made better offer,
22,8,76,80,2939,1,1,94.2,777.3,1087.94,Bank Withdrawal,Month-to-Month,Fiber Optic,Competitor,Competitor had better devices,Offer E
22,7,69,91,5267,0,3,94.25,669,753.35,Bank Withdrawal,Month-to-Month,Fiber Optic,Dissatisfaction,Network reliability,Offer E
69,53,6,94,5884,1,1,101.9,5549.4,5970.22,Bank Withdrawal,Month-to-Month,Fiber Optic,Price,Price too high,Offer B
69,30,19,90,2482,0,1,91.7,2758.15,4134.55,Credit Card,Month-to-Month,Fiber Optic,Competitor,Competitor made better offer,
35,27,29,91,2518,0,1,79.5,2180.55,2847.99,Bank Withdrawal,Month-to-Month,Fiber Optic,Price,Lack of affordable download/upload speed,
38,49,10,92,5785,1,2,107.95,5293.2,5609.25,Bank Withdrawal,Two Year,Fiber Optic,Competitor,Competitor made better offer,
74,1,13,95,3763,0,3,76.45,76.45,90.29,Bank Withdrawal,Month-to-Month,Fiber Optic,Competitor,Competitor made better offer,
39,22,12,91,5438,0,2,89.4,2001.5,2872.26,Bank Withdrawal,Month-to-Month,Fiber Optic,Dissatisfaction,Lack of self-service on Website,Offer D
77,46,29,71,2097,0,1,85,3969.4,5661.28,Bank Withdrawal,Month-to-Month,Fiber Optic,Attitude,Attitude of support person,
73,29,21,71,2233,1,1,94.45,2653.65,2834.9,Bank Withdrawal,Month-to-Month,Fiber Optic,Competitor,Competitor had better devices,
30,5,27,81,2264,0,1,85.3,424.15,606.75,Bank Withdrawal,Month-to-Month,Fiber Optic,Competitor,Competitor had better devices,
62,1,21,91,3394,0,2,79.9,79.9,103.1,Bank Withdrawal,Month-to-Month,Fiber Optic,Attitude,Attitude of support person,
38,51,16,91,4769,0,3,80,4242.35,4528.97,Credit Card,Month-to-Month,Fiber Optic,Other,Poor expertise of online support,
58,19,11,91,4857,0,1,86,1532.45,1950.24,Bank Withdrawal,Month-to-Month,Fiber Optic,Competitor,Competitor had better devices,Offer D
79,9,2,71,5242,0,2,80.85,751.65,1141.71,Bank Withdrawal,Month-to-Month,Fiber Optic,Attitude,Attitude of support person,
21,2,85,96,5317,0,1,70.7,140.7,212.82,Credit Card,Month-to-Month,Fiber Optic,Dissatisfaction,Service dissatisfaction,
60,4,13,65,4167,3,1,80.35,307.4,437.12,Bank Withdrawal,Month-to-Month,Fiber Optic,Dissatisfaction,Product dissatisfaction,
55,4,14,90,2140,1,2,91.65,365.4,452.64,Bank Withdrawal,Month-to-Month,Fiber Optic,Price,Extra data charges,Offer E
52,2,27,80,2323,0,2,69.65,145.15,160.43,Bank Withdrawal,Month-to-Month,Fiber Optic,Competitor,Competitor made better offer,Offer E
34,7,53,70,3457,1,1,75.15,496.9,557.73,Bank Withdrawal,Month-to-Month,Fiber Optic,Dissatisfaction,Service dissatisfaction,
76,32,22,79,3966,1,1,104.9,3351.55,4710.14,Bank Withdrawal,Month-to-Month,Fiber Optic,Attitude,Attitude of support person,Offer C
25,70,42,80,4544,0,1,104,7250.15,8103.45,Credit Card,Two Year,Fiber Optic,Attitude,Attitude of service provider,Offer A
32,4,15,91,2456,0,3,88.45,370.65,567.21,Bank Withdrawal,Month-to-Month,Fiber Optic,Other,Don't know,
66,55,27,91,5502,2,1,85.45,4874.7,7319.8,Bank Withdrawal,Month-to-Month,Fiber Optic,Competitor,Competitor made better offer,Offer B
58,2,10,91,2384,0,1,80.2,181.1,244.04,Bank Withdrawal,Month-to-Month,Fiber Optic,Competitor,Competitor made better offer,
45,1,17,91,5797,0,1,100.25,100.25,120.48,Credit Card,Month-to-Month,Fiber Optic,Other,Don't know,Offer E
42,47,25,91,4804,0,1,106.4,5127.95,6818.54,Bank Withdrawal,Month-to-Month,Fiber Optic,Competitor,Competitor had better devices,Offer B
58,10,12,69,4243,5,1,99.85,990.9,1423.7,Bank Withdrawal,Month-to-Month,Fiber Optic,Dissatisfaction,Service dissatisfaction,
56,1,5,91,4815,0,3,79.95,79.95,83.08,Bank Withdrawal,Month-to-Month,Fiber Optic,Attitude,Attitude of support person,Offer E
21,4,48,84,4417,3,1,101.15,385.9,424.14,Bank Withdrawal,Month-to-Month,Fiber Optic,Competitor,Competitor had better devices,Offer E
21,1,53,80,5951,0,1,89.9,89.9,122.75,Bank Withdrawal,Month-to-Month,Fiber Optic,Other,Don't know,Offer E
37,35,16,81,5928,0,1,85.15,3030.6,3923.45,Bank Withdrawal,One Year,Fiber Optic,Competitor,Competitor had better devices,
28,1,42,93,4750,0,1,74.25,74.25,96.05,Mailed Check,Month-to-Month,Fiber Optic,Other,Don't know,
40,16,7,75,5497,0,1,93.2,1573.7,2190.16,Credit Card,Month-to-Month,Fiber Optic,Competitor,Competitor made better offer,
56,3,13,84,3591,0,3,89.45,240.45,288.9,Bank Withdrawal,Month-to-Month,Fiber Optic,Competitor,Competitor made better offer,
77,12,19,69,5374,1,2,80.45,950.2,1033.84,Bank Withdrawal,Month-to-Month,Fiber Optic,Competitor,Competitor made better offer,Offer D
65,14,6,88,5203,0,1,78.95,1101.85,1330.89,Bank Withdrawal,Month-to-Month,Fiber Optic,Competitor,Competitor made better offer,Offer D
55,3,4,65,4852,0,2,83.75,247.25,386.33,Bank Withdrawal,Month-to-Month,Fiber Optic,Attitude,Attitude of support person,Offer E
25,1,59,79,2412,0,1,69.6,69.6,83.79,Bank Withdrawal,Month-to-Month,Fiber Optic,Competitor,Competitor made better offer,
78,65,28,91,4196,3,1,105.25,6786.4,7981.75,Bank Withdrawal,Month-to-Month,Fiber Optic,Attitude,Attitude of support person,Offer B
74,8,17,69,5302,1,3,80.65,633.3,1024.1,Credit Card,Month-to-Month,Fiber Optic,Competitor,Competitor made better offer,Offer E
51,17,17,70,4390,0,1,70,1144.5,1354.72,Bank Withdrawal,Month-to-Month,Fiber Optic,Attitude,Attitude of support person,
70,24,11,80,2104,3,1,104.25,2433.9,3628.14,Bank Withdrawal,Month-to-Month,Fiber Optic,Competitor,Competitor offered higher download speeds,Offer C
79,22,23,81,2407,0,1,74.4,1692.6,1804.58,Bank Withdrawal,Month-to-Month,Fiber Optic,Competitor,Competitor had better devices,
68,60,17,78,5507,0,3,106,6441.4,8614.8,Bank Withdrawal,One Year,Fiber Optic,Price,Long distance charges,
73,11,27,82,4553,5,3,104.05,1133.65,1323.4,Bank Withdrawal,Month-to-Month,Fiber Optic,Competitor,Competitor offered more data,
65,50,11,73,4287,0,3,95.7,4816.7,5762.7,Bank Withdrawal,Month-to-Month,Fiber Optic,Dissatisfaction,Network reliability,
76,16,22,81,2508,0,3,86.6,1281,1587.88,Bank Withdrawal,Month-to-Month,Fiber Optic,Dissatisfaction,Network reliability,
20,65,26,89,5720,7,1,105.5,6985.65,9204.75,Bank Withdrawal,Month-to-Month,Fiber Optic,Competitor,Competitor had better devices,
30,69,26,80,4020,2,3,99.45,7007.6,10374.8,Credit Card,Month-to-Month,Fiber Optic,Competitor,Competitor made better offer,Offer A
30,8,85,75,2899,0,1,70.1,551.35,665.67,Credit Card,Month-to-Month,Fiber Optic,Competitor,Competitor offered higher download speeds,
26,2,53,83,4690,1,3,104.4,242.8,220.38,Bank Withdrawal,Month-to-Month,Fiber Optic,Attitude,Attitude of support person,Offer E
80,51,30,83,4788,1,1,93.8,4750.95,5880.09,Bank Withdrawal,Month-to-Month,Fiber Optic,Dissatisfaction,Limited range of services,Offer B
66,8,8,83,3676,0,1,94.45,742.95,784.63,Credit Card,Month-to-Month,Fiber Optic,Competitor,Competitor had better devices,Offer E
78,15,12,74,3621,0,1,79.4,1156.1,1414.55,Bank Withdrawal,Month-to-Month,Fiber Optic,Competitor,Competitor offered higher download speeds,
41,1,18,93,5228,0,3,86.6,86.6,92.03,Bank Withdrawal,Month-to-Month,Fiber Optic,Competitor,Competitor offered higher download speeds,Offer E
49,6,11,87,4160,0,1,74.9,469.8,507.72,Bank Withdrawal,Month-to-Month,Fiber Optic,Dissatisfaction,Service dissatisfaction,
30,5,69,70,4584,0,3,89.35,461.7,512.25,Bank Withdrawal,Month-to-Month,Fiber Optic,Dissatisfaction,Network reliability,Offer E
26,6,59,87,3722,0,2,99.95,547.65,578.61,Mailed Check,Month-to-Month,Fiber Optic,Competitor,Competitor offered higher download speeds,
31,1,0,92,3663,0,3,20.4,20.4,42.52,Mailed Check,Month-to-Month,Fiber Optic,Price,Long distance charges,Offer E
59,9,0,78,5403,0,3,18.95,185.6,633.26,Credit Card,Month-to-Month,Fiber Optic,Attitude,Attitude of support person,Offer E
35,4,0,76,5984,0,3,20.35,77.5,228.14,Credit Card,Month-to-Month,Fiber Optic,Attitude,Attitude of support person,
74,8,0,83,5432,0,2,19.65,164.3,387.9,Bank Withdrawal,Month-to-Month,Fiber Optic,Attitude,Attitude of support person,
56,2,0,94,2279,0,3,19.3,28.3,59.88,Credit Card,One Year,Fiber Optic,Price,Long distance charges,
33,1,0,73,4633,1,3,19.9,19.9,27.39,Bank Withdrawal,Month-to-Month,Fiber Optic,Attitude,Attitude of service provider,
61,25,0,94,4931,0,3,24.75,692.1,1185.85,Credit Card,Two Year,Fiber Optic,Competitor,Competitor made better offer,Offer C
56,1,0,90,3618,0,1,20.6,20.6,67.86,Credit Card,Month-to-Month,Fiber Optic,Price,Long distance charges,Offer E
22,61,0,82,4221,3,3,19.4,1182.55,4005.02,Credit Card,Month-to-Month,Fiber Optic,Price,Long distance charges,
21,1,0,91,4851,0,3,19.75,19.75,49.08,Credit Card,Month-to-Month,Fiber Optic,Competitor,Competitor made better offer,
30,5,0,66,2604,0,3,21.05,113.85,285.15,Credit Card,Month-to-Month,Fiber Optic,Attitude,Attitude of support person,Offer E
62,53,0,66,6265,0,3,19.75,1052.35,2441.48,Bank Withdrawal,Two Year,Fiber Optic,Price,Long distance charges,Offer B
49,45,0,87,5398,0,3,20.4,930.45,2073.45,Bank Withdrawal,One Year,Fiber Optic,Price,Long distance charges,Offer B
62,2,0,65,5627,0,2,20.35,33.2,97.26,Mailed Check,Month-to-Month,Fiber Optic,Attitude,Attitude of support person,
33,1,0,80,5747,0,1,20.1,20.1,36.91,Credit Card,Month-to-Month,Fiber Optic,Competitor,Competitor made better offer,Offer E
70,1,0,78,3848,0,1,19.45,19.45,42.37,Bank Withdrawal,Month-to-Month,Fiber Optic,Dissatisfaction,Limited range of services,
62,11,0,95,4500,0,2,20.1,221.35,585.01,Credit Card,Month-to-Month,Fiber Optic,Attitude,Attitude of support person,Offer D
35,11,0,69,5638,1,1,19.25,180.3,499.41,Credit Card,Month-to-Month,Fiber Optic,Attitude,Attitude of support person,Offer D
62,1,0,83,2051,0,2,19.95,19.95,37.56,Bank Withdrawal,Month-to-Month,Fiber Optic,Attitude,Attitude of support person,
35,1,0,84,5890,0,2,19.1,19.1,53.89,Credit Card,Month-to-Month,Fiber Optic,Competitor,Competitor made better offer,
35,16,0,82,3438,0,1,19.7,342.4,434.24,Credit Card,Month-to-Month,Fiber Optic,Price,Long distance charges,Offer D
53,1,0,90,4132,0,1,18.85,18.85,59.34,Mailed Check,Month-to-Month,Fiber Optic,Dissatisfaction,Service dissatisfaction,
31,2,0,66,2843,0,3,19.6,35.85,95.47,Bank Withdrawal,Month-to-Month,Fiber Optic,Attitude,Attitude of support person,